,keywords
0,keyword
1,descript
2,cimb
3,organis
4,structur
5,job
6,titl
7,name
8,card
9,risk
10,manag
11,lead
12,corpor
13,titl
14,manag
15,job
16,grade
17,compani
18,cimb
19,bank
20,berhad
21,divis
22,group
23,technolog
24,gt
25,depart
26,gt
27,busi
28,servic
29,wholesal
30,bank
31,unit
32,project
33,offic
34,risk
35,plan
36,sub
37,unit
38,risk
39,manag
40,job
41,locat
42,menara
43,southern
44,bank
45,job
46,titl
47,direct
48,superior
49,head
50,project
51,offic
52,risk
53,plan
54,job
55,titl
56,matrix
57,superior
58,indic
59,differ
60,compani
61,divis
62,depart
63,countri
64,job
65,purpos
66,support
67,ensur
68,divis
69,depart
70,maintain
71,adequ
72,effect
73,first
74,line
75,defenc
76,risk
77,complianc
78,manag
79,assist
80,busi
81,support
82,manag
83,achiev
84,adher
85,bank
86,law
87,rule
88,regul
89,intern
90,polici
91,procedur
92,process
93,support
94,effect
95,execut
96,oper
97,risk
98,audit
99,complianc
100,throughout
101,bank
102,group
103,respect
104,identifi
105,quantifi
106,review
107,evalu
108,measur
109,risk
110,ensur
111,complianc
112,risk
113,categori
114,identifi
115,manag
116,accord
117,applic
118,bank
119,polici
120,procedur
121,role
122,respons
123,analys
124,track
125,day
126,day
127,overal
128,depart
129,applic
130,system
131,risk
132,profil
133,align
134,group
135,risk
136,framework
137,well
138,follow
139,group
140,complianc
141,group
142,audit
143,relat
144,matter
145,earli
146,risk
147,mitig
148,escal
149,includ
150,recommend
151,improv
152,risk
153,complianc
154,practic
155,within
156,depart
157,along
158,product
159,system
160,incid
161,track
162,closur
163,audit
164,vulner
165,find
166,period
167,report
168,manag
169,key
170,respons
171,drive
172,risk
173,complianc
174,manag
175,practic
176,act
177,central
178,liaison
179,contact
180,person
181,group
182,complianc
183,group
184,risk
185,relat
186,risk
187,complianc
188,matter
189,carri
190,implement
191,risk
192,control
193,self
194,assess
195,ensur
196,complianc
197,self
198,test
199,matrix
200,updat
201,relev
202,law
203,regul
204,guidelin
205,test
206,accordingli
207,execut
208,oper
209,risk
210,framework
211,bank
212,ensur
213,data
214,accur
215,record
216,time
217,manner
218,system
219,record
220,control
221,gap
222,ensur
223,action
224,plan
225,appropri
226,prioritis
227,sustain
228,action
229,plan
230,close
231,commit
232,due
233,date
234,ensur
235,group
236,complianc
237,group
238,risk
239,polici
240,law
241,regul
242,guidelin
243,includ
244,updat
245,commun
246,read
247,understood
248,staff
249,within
250,depart
251,ensur
252,intern
253,polici
254,procedur
255,standard
256,oper
257,procedur
258,updat
259,address
260,law
261,regul
262,guidelin
263,issu
264,wherev
265,relev
266,applic
267,discuss
268,obtain
269,approv
270,supervisor
271,head
272,depart
273,regulatori
274,non
275,complianc
276,issu
277,report
278,incorpor
279,bank
280,report
281,system
282,review
283,follow
284,non
285,complianc
286,regulatori
287,oper
288,issu
289,escal
290,within
291,depart
292,appropri
293,closur
294,provid
295,go
296,complianc
297,oper
298,risk
299,awar
300,train
301,requir
302,champion
303,risk
304,cultur
305,page
306,job
307,descript
308,cimb
309,promot
310,rever
311,strong
312,risk
313,manag
314,appli
315,knowledg
316,understand
317,busi
318,product
319,servic
320,process
321,collabor
322,across
323,variou
324,stakehold
325,group
326,determin
327,best
328,method
329,commun
330,establish
331,escal
332,model
333,within
334,team
335,provid
336,guidanc
337,need
338,support
339,team
340,meet
341,risk
342,object
343,audit
344,vulner
345,assess
346,key
347,liaison
348,audit
349,relat
350,field
351,work
352,group
353,intern
354,audit
355,extern
356,auditor
357,follow
358,track
359,audit
360,vulner
361,assess
362,find
363,closur
364,work
365,respect
366,applic
367,team
368,ensur
369,appropri
370,respons
371,revert
372,accordingli
373,action
374,item
375,revert
376,time
377,basi
378,ensur
379,overdu
380,audit
381,find
382,statu
383,progress
384,updat
385,time
386,system
387,risk
388,complianc
389,report
390,regular
391,updat
392,follow
393,depart
394,risk
395,respect
396,applic
397,team
398,time
399,report
400,cim
401,cia
402,kri
403,led
404,follow
405,sever
406,product
407,incid
408,ensur
409,correct
410,action
411,cim
412,close
413,accordingli
414,prior
415,due
416,date
417,track
418,follow
419,group
420,complianc
421,relat
422,circular
423,memo
424,regul
425,ad
426,hoc
427,request
428,team
429,ensur
430,time
431,respons
432,identifi
433,gap
434,prepar
435,provid
436,accur
437,report
438,depart
439,control
440,rate
441,cer
442,risk
443,appetit
444,tra
445,manag
446,committe
447,respons
448,task
449,assign
450,manag
451,time
452,time
453,job
454,specif
455,qualif
456,bachelor
457,degre
458,busi
459,manag
460,inform
461,technolog
462,basic
463,degre
464,diploma
465,etc
466,equival
467,profession
468,qualif
469,regulatori
470,licens
471,requir
472,relev
473,work
474,experi
475,minimum
476,year
477,relev
478,industri
479,experi
480,good
481,understand
482,experi
483,project
484,process
485,sdlc
486,chang
487,releas
488,risk
489,manag
490,requir
491,compet
492,skill
493,compet
494,skill
495,excel
496,interperson
497,written
498,commun
499,skill
500,essenti
501,succeed
502,result
503,orient
504,work
505,independ
506,high
507,attent
508,job
509,detail
510,qualiti
511,work
512,abil
513,plan
514,prioritis
515,work
516,high
517,commit
518,drive
519,complet
520,assign
521,demonstr
522,abil
523,build
524,relationship
525,work
526,well
527,peer
528,busi
529,technolog
530,stakehold
531,interact
532,effect
533,intern
534,extern
535,parti
536,travel
537,requir
538,frequenc
539,minimum
540,incl
541,typic
542,destin
543,durat
544,headcount
545,direct
546,subordin
547,indirect
548,subordin
549,matrix
550,subordin
551,total
552,page
553,job
554,descript
555,cimb
556,subordin
557,job
558,titl
559,direct
560,matrix
561,subordin
562,number
563,organis
564,chart
565,head
566,gt
567,busi
568,servic
569,wholesal
570,bank
571,head
572,project
573,offic
574,risk
575,plan
576,project
577,offic
578,risk
579,manag
580,plan
581,busi
582,effici
583,pmo
584,risk
585,complianc
586,audit
587,key
588,person
589,interact
590,exclud
591,superior
592,subordin
593,direct
594,matrix
595,intern
596,typic
597,posit
598,titl
599,local
600,reason
601,e
602,g
603,provid
604,info
605,sell
606,frequenc
607,extern
608,hr
609,director
610,walk
611,region
612,negoti
613,recov
614,debt
615,e
616,g
617,daili
618,indic
619,custom
620,global
621,weekli
622,govern
623,offici
624,monthli
625,yearli
626,intern
627,intern
628,capabl
629,local
630,follow
631,capabl
632,daili
633,region
634,within
635,across
636,depart
637,divis
638,extern
639,vendor
640,local
641,follow
642,relat
643,issu
644,daili
645,region
646,ensur
647,time
648,respons
649,level
650,author
651,typic
652,decis
653,type
654,decis
655,frequenc
656,e
657,g
658,made
659,monthli
660,yearli
661,prepar
662,review
663,approv
664,complet
665,complet
666,complet
667,posit
668,titl
669,posit
670,titl
671,posit
672,titl
673,date
674,date
675,date
676,page
